time,open,high,low,close,Volume,probe_revision,bar_index,active_index,loss_periods,scheduled_close_quantity,position_size,position_avg_price,equity,openprofit,netprofit,closed_trades,open_trades,last_profit,last_entry_price,last_exit_price,last_entry_bar,last_exit_bar
1502668800,4261.48,4485.39,3850,4086.29,2843.431426,1,0,-1,2,1,0,,100000,0,0,0,0,,,,,
1503273600,4069.13,4453.91,3400,4310.01,4599.396629,1,1,-1,2,1,0,,100000,0,0,0,0,,,,,
1503878400,4310.01,4939.19,4124.54,4509.08,4753.843376,1,2,-1,2,1,0,,100000,0,0,0,0,,,,,
1504483200,4505,4788.59,3603,4130.37,6382.787745,1,3,-1,2,1,0,,100000,0,0,0,0,,,,,
1505088000,4153.62,4394.59,2817,3699.99,8106.705127,1,4,-1,2,1,0,,100000,0,0,0,0,,,,,
1505692800,3690,4123.2,3505.55,3660.02,5908.32335,1,5,-1,2,1,0,,100000,0,0,0,0,,,,,
1506297600,3660.02,4406.52,3653.69,4378.48,5782.305424,1,6,-1,2,1,0,,100000,0,0,0,0,,,,,
1506902400,4400,4658,4110,4640,4708.272956,1,7,-1,2,1,0,,100000,0,0,0,0,,,,,
1507507200,4640,5922.3,4550,5709.99,7913.925837,1,8,-1,2,1,0,,100000,0,0,0,0,,,,,
1508112000,5710,6171,5037.95,5950.02,12157.769447,1,9,-1,2,1,0,,100000,0,0,0,0,,,,,
1508716800,5975,6189.88,5286.98,6169.98,13133.99457,1,10,-1,2,1,0,,100000,0,0,0,0,,,,,
1509321600,6133.01,7590.25,6030,7345.01,11663.209648,1,11,-1,2,1,0,,100000,0,0,0,0,,,,,
1509926400,7345.1,7770.02,5325.01,5811.03,18916.3199,1,12,-1,2,1,0,,100000,0,0,0,0,,,,,
1510531200,5839.94,8123.15,5699.99,8038,19791.101011,1,13,-1,2,1,0,,100000,0,0,0,0,,,,,
1511136000,8057.11,9350,7801,9128.02,28921.859792,1,14,-1,2,1,0,,100000,0,0,0,0,,,,,
1511740800,9128,11825,8520,11165.41,48427.94965,1,15,-1,2,1,0,,100000,0,0,0,0,,,,,
1512345600,11165.41,17204.99,10802,14899.98,72429.024191,1,16,-1,2,1,0,,100000,0,0,0,0,,,,,
1512950400,14946.26,19798.68,14666.56,18860.02,67850.979686,1,17,-1,2,1,0,,100000,0,0,0,0,,,,,
1513555200,18865,19300,10961,13500,135382.820805,1,18,-1,2,1,0,,100000,0,0,0,0,,,,,
1514160000,13500,16498.05,11750,13716.36,116522.754321,1,19,-1,2,1,0,,100000,0,0,0,0,,,,,
1514764800,13715.65,17176.24,12750,16150.03,120239.399359,1,20,-1,2,1,0,,100000,0,0,0,0,,,,,
1515369600,16218.85,16322.3,11400,13474.99,137537.904565,1,21,-1,2,1,0,,100000,0,0,0,0,,,,,
1515974400,13477.98,14249.99,9035,11530,303127.502137,1,22,-1,2,1,0,,100000,0,0,0,0,,,,,
1516579200,11530,12244,9900.24,11879.95,198030.051117,1,23,-1,2,1,0,,100000,0,0,0,0,,,,,
1517184000,11879.95,11975.02,7930,8184.81,202016.407759,1,24,-1,2,1,0,,100000,0,0,0,0,,,,,
1517788800,8179.99,9065.78,6000.01,8063.88,340791.764516,1,25,-1,2,1,0,,100000,0,0,0,0,,,,,
1518393600,8063.82,11274,8053,10383.43,311863.068137,1,26,-1,2,1,0,,100000,0,0,0,0,,,,,
1518998400,10375.01,11786.01,9274.8,9590,350623.132911,1,27,-1,2,1,0,,100000,0,0,0,0,,,,,
1519603200,9590,11565,9350,11515,183797.561533,1,28,-1,2,1,0,,100000,0,0,0,0,,,,,
1520208000,11515,11710,8329,9533.57,282035.225382,1,29,-1,2,1,0,,100000,0,0,0,0,,,,,
1520812800,9533.57,9888.88,7322,8189.99,315834.721189,1,30,-1,2,1,0,,100000,0,0,0,0,,,,,
1521417600,8189,9177.01,8088.4,8470.15,285209.670184,1,31,-1,2,1,0,,100000,0,0,0,0,,,,,
1522022400,8470.14,8514.89,6430,6813.01,308727.870203,1,32,-1,2,1,0,,100000,0,0,0,0,,,,,
1522627200,6813.01,7520,6500,7018,232320.070499,1,33,-1,2,1,0,,100000,0,0,0,0,,,,,
1523232000,7011.04,8429.54,6611,8355,259876.174588,1,34,-1,2,1,0,,100000,0,0,0,0,,,,,
1523836800,8355.07,9035,7825.4,8787.02,233025.38619,1,35,-1,2,1,0,,100000,0,0,0,0,,,,,
1524441600,8785.7,9759.82,8651.62,9419,306668.07214,1,36,-1,2,1,0,,100000,0,0,0,0,,,,,
1525046400,9417.04,10020,8800.49,9659.01,222274.38854,1,37,-1,2,1,0,,100000,0,0,0,0,,,,,
1525651200,9661.02,9689.67,8153,8679.71,224151.298751,1,38,-1,2,1,0,,100000,0,0,0,0,,,,,
1526256000,8679.71,8879.99,7911.9,8526.98,182713.332084,1,39,-1,2,1,0,,100000,0,0,0,0,,,,,
1526860800,8526.97,8595.31,7231.11,7338.99,190892.626838,1,40,-1,2,1,0,,100000,0,0,0,0,,,,,
1527465600,7338.99,7786.69,7032.95,7714.26,211928.638229,1,41,-1,2,1,0,,100000,0,0,0,0,,,,,
1528070400,7714.26,7765,6622.81,6764.99,211352.257072,1,42,-1,2,1,0,,100000,0,0,0,0,,,,,
1528675200,6765,6922,6118.68,6449.61,234080.841171,1,43,-1,2,1,0,,100000,0,0,0,0,,,,,
1529280000,6444.06,6841.74,5750,6136.97,234141.140657,1,44,-1,2,1,0,,100000,0,0,0,0,,,,,
1529884800,6137.95,6528.99,5780,6356.81,207746.559006,1,45,-1,2,1,0,,100000,0,0,0,0,,,,,
1530489600,6360.82,6818.16,6271.62,6712.1,211526.019058,1,46,-1,2,1,0,,100000,0,0,0,0,,,,,
1531094400,6712.1,6802.06,6070,6353.01,192452.84988,1,47,-1,2,1,0,,100000,0,0,0,0,,,,,
1531699200,6354.15,7700,6330.4,7394.79,294313.222604,1,48,-1,2,1,0,,100000,0,0,0,0,,,,,
1532304000,7394.78,8491.77,7375,8211,288666.047141,1,49,-1,2,1,0,,100000,0,0,0,0,,,,,
1532908800,8210.99,8273,6882.29,7024.19,282090.103584,1,50,-1,2,1,0,,100000,0,0,0,0,,,,,
1533513600,7024.19,7160,5971,6308.33,334426.550743,1,51,-1,2,1,0,,100000,0,0,0,0,,,,,
1534118400,6308.56,6620,5880,6477.53,378189.296487,1,52,-1,2,1,0,,100000,0,0,0,0,,,,,
1534723200,6477.53,6882.54,6220,6700,286906.539311,1,53,-1,2,1,0,,100000,0,0,0,0,,,,,
1535328000,6700,7345.45,6646.5,7302.01,294674.913005,1,54,-1,2,1,0,,100000,0,0,0,0,,,,,
1535932800,7302,7410,6111,6250.81,306151.982787,1,55,-1,2,1,0,,100000,0,0,0,0,,,,,
1536537600,6252.26,6584.99,6169.68,6505,227428.182854,1,56,-1,2,1,0,,100000,0,0,0,0,,,,,
1537142400,6500.08,6839.03,6123,6708,244256.490121,1,57,-1,2,1,0,,100000,0,0,0,0,,,,,
1537747200,6706.81,6814.8,6325.02,6626.57,242598.872471,1,58,-1,2,1,0,,100000,0,0,0,0,,,,,
1538352000,6626.57,6697,6430,6615.26,141836.476483,1,59,-1,2,1,0,,100000,0,0,0,0,,,,,
1538956800,6615.26,6715.6,6205,6339.34,166305.048178,1,60,-1,2,1,0,,100000,0,0,0,0,,,,,
1539561600,6339.34,7680,6300,6590.11,211592.623139,1,61,-1,2,1,0,,100000,0,0,0,0,,,,,
1540166400,6590.12,6639,6453,6489.93,75328.885385,1,62,-1,2,1,0,,100000,0,0,0,0,,,,,
1540771200,6489.93,6525,6245.02,6485.85,71945.400607,1,63,-1,2,1,0,,100000,0,0,0,0,,,,,
1541376000,6485.85,6615.15,6355,6449.81,76161.78188,1,64,-1,2,1,0,,100000,0,0,0,0,,,,,
1541980800,6450.71,6498,5403.42,5662,205081.183938,1,65,-1,2,1,0,,100000,0,0,0,0,,,,,
1542585600,5661.94,5664,3652.66,4085.78,496323.79998,1,66,-1,2,1,0,,100000,0,0,0,0,,,,,
1543190400,4088.69,4450.38,3689.12,4161.01,479458.799151,1,67,-1,2,1,0,,100000,0,0,0,0,,,,,
1543795200,4160.55,4179,3222,3545.37,406435.817854,1,68,-1,2,1,0,,100000,0,0,0,0,,,,,
1544400000,3548.49,3610,3156.26,3228.67,249791.790787,1,69,-1,2,1,0,,100000,0,0,0,0,,,,,
1545004800,3229.22,4139.99,3216,3929.71,489096.276467,1,70,-1,2,1,0,,100000,0,0,0,0,,,,,
1545609600,3929.71,4198,3535,3801.91,332161.255442,1,71,-1,2,1,0,,100000,0,0,0,0,,,,,
1546214400,3803.12,4027.71,3630.33,3987.6,214860.906242,1,72,-1,2,1,0,,100000,0,0,0,0,,,,,
1546819200,3987.62,4069.8,3441.3,3476.81,245887.277948,1,73,-1,2,1,0,,100000,0,0,0,0,,,,,
1547424000,3477.56,3720,3467.02,3539.28,199395.792965,1,74,-1,2,1,0,,100000,0,0,0,0,,,,,
1548028800,3539.26,3662.94,3434.85,3550.84,154566.450861,1,75,-1,2,1,0,,100000,0,0,0,0,,,,,
1548633600,3550.05,3557.75,3349.92,3458.11,186574.105423,1,76,-1,2,1,0,,100000,0,0,0,0,,,,,
1549238400,3458.11,3733.58,3373.1,3680.06,198350.673988,1,77,-1,2,1,0,,100000,0,0,0,0,,,,,
1549843200,3679.75,3700.11,3568.11,3667.58,167995.805139,1,78,-1,2,1,0,,100000,0,0,0,0,,,,,
1550448000,3667.62,4198,3655,3743.56,301384.22226,1,79,-1,2,1,0,,100000,0,0,0,0,,,,,
1551052800,3743.56,3888,3677.17,3807.75,190343.246726,1,80,-1,2,1,0,,100000,0,0,0,0,,,,,
1551657600,3807.32,3971.75,3670.69,3916.82,207833.42997,1,81,-1,2,1,0,,100000,0,0,0,0,,,,,
1552262400,3915.99,4056.98,3810.43,3981.14,185620.344813,1,82,-1,2,1,0,,100000,0,0,0,0,,,,,
1552867200,3981.85,4069.32,3880.01,3992.18,156283.263483,1,83,-1,2,1,0,,100000,0,0,0,0,,,,,
1553472000,3991.35,4140,3888.71,4103.95,178114.875049,1,84,-1,2,1,0,,100000,0,0,0,0,,,,,
1554076800,4102.44,5275.01,4067,5170.27,420989.968738,1,85,-1,2,1,0,,100000,0,0,0,0,,,,,
1554681600,5170.27,5422,4861.22,5131.3,247866.407405,1,86,-1,2,1,0,,100000,0,0,0,0,,,,,
1555286400,5131.28,5333.42,4950,5256.14,168555.911745,1,87,-1,2,1,0,,100000,0,0,0,0,,,,,
1555891200,5257.41,5600,5102,5307.52,247392.823904,1,88,-1,2,1,0,,100000,0,0,0,0,,,,,
1556496000,5309.81,5900,5178.8,5775.62,191971.589975,1,89,-1,2,1,0,,100000,0,0,0,0,,,,,
1557100800,5773.18,7521.78,5619.14,6967.31,313283.734225,1,90,-1,2,1,0,,100000,0,0,0,0,,,,,
1557705600,6968.24,8366,6870,8148.48,461287.694139,1,91,-1,2,1,0,,100000,0,0,0,0,,,,,
1558310400,8147.94,8740,7461,8614.43,341677.39881,1,92,-1,2,1,0,,100000,0,0,0,0,,,,,
1558915200,8612.54,9074.26,8005,8725.98,292049.043812,1,93,-1,2,1,0,,100000,0,0,0,0,,,,,
1559520000,8726,8800.95,7444.58,7628.13,293308.709696,1,94,-1,2,1,0,,100000,0,0,0,0,,,,,
1560124800,7627.57,9333,7511,8953.33,274072.058371,1,95,-1,2,1,0,,100000,0,0,0,0,,,,,
1560729600,8953,11392.64,8950,10906.07,378253.003065,1,96,-1,2,1,0,,100000,0,0,0,0,,,,,
1561334400,10905.95,13970,10525.1,10854.1,684152.508772,1,97,-1,2,1,0,,100000,0,0,0,0,,,,,
1561939200,10854.1,12000,9727,11406.24,517740.071693,1,98,-1,2,1,0,,100000,0,0,0,0,,,,,
1562544000,11410,13147.08,10103,10174.18,510462.035678,1,99,-1,2,1,0,,100000,0,0,0,0,,,,,
1563148800,10174.18,11100,9060,10589.45,487080.97263,1,100,-1,2,1,0,,100000,0,0,0,0,,,,,
1563753600,10590.15,10683.16,9165,9541.54,269819.325109,1,101,-1,2,1,0,,100000,0,0,0,0,,,,,
1564358400,9541.54,11040,9395,10929.23,259518.806019,1,102,-1,2,1,0,,100000,0,0,0,0,,,,,
1564963200,10929.99,12330.7,10927.8,11549.97,371072.857661,1,103,-1,2,1,0,,100000,0,0,0,0,,,,,
1565568000,11539.08,11577.89,9750,10306.78,248273.374665,1,104,-1,2,1,0,,100000,0,0,0,0,,,,,
1566172800,10306.17,10949.96,9762,10142.69,232471.420413,1,105,-1,2,1,0,,100000,0,0,0,0,,,,,
1566777600,10142.69,10604,9320,9724.98,211243.550288,1,106,-1,2,1,0,,100000,0,0,0,0,,,,,
1567382400,9723.59,10905.87,9712.5,10381.18,281075.664908,1,107,-1,2,1,0,,100000,0,0,0,0,,,,,
1567987200,10381.24,10480,9880,10302.01,207165.654458,1,108,-1,2,1,0,,100000,0,0,0,0,,,,,
1568592000,10303.34,10355,9653,10028.87,188644.199623,1,109,-1,2,1,0,,100000,0,0,0,0,,,,,
1569196800,10028.05,10049.99,7750,8043.82,364560.064744,1,110,-1,2,1,0,,100000,0,0,0,0,,,,,
1569801600,8043.04,8500,7710,7854.25,239129.62607,1,111,-1,2,1,0,,100000,0,0,0,0,,,,,
1570406400,7855.3,8779.51,7762,8275.01,281416.738734,1,112,-1,2,1,0,,100000,0,0,0,0,,,,,
1571011200,8275.24,8403,7816.01,8223.35,219241.792311,1,113,-1,2,1,0,,100000,0,0,0,0,,,,,
1571616000,8223.35,10370,7300,9529.93,508882.693756,1,114,-1,2,1,0,,100000,0,0,0,0,,,,,
1572220800,9528.23,9902.1,8913,9194.71,354362.744327,1,115,-1,2,1,0,,100000,0,0,0,0,,,,,
1572825600,9196.46,9513.68,8696,9039.47,294282.771612,1,116,-1,2,1,0,,100000,0,0,0,0,,,,,
1573430400,9040.16,9072.32,8350.68,8502.4,239532.02348,1,117,-1,2,1,0,,100000,0,0,0,0,,,,,
1574035200,8502.87,8503.52,6790,6903.28,422402.004703,1,118,-1,2,1,0,,100000,0,0,0,0,,,,,
1574640000,6900.23,7850,6515,7390.89,503259.064291,1,119,-1,2,1,0,,100000,0,0,0,0,,,,,
1575244800,7391.5,7750,7067,7510.11,331478.231272,1,120,-1,2,1,0,,100000,0,0,0,0,,,,,
1575849600,7510.11,7650,7008.35,7118.59,252294.980408,1,121,-1,2,1,0,,100000,0,0,0,0,,,,,
1576454400,7119.6,7518.54,6435,7501.44,339611.461697,1,122,-1,2,1,0,,100000,0,0,0,0,,,,,
1577059200,7500.71,7695.38,7076.42,7388.24,267312.086935,1,123,-1,2,1,0,,100000,0,0,0,0,,,,,
1577664000,7388.43,7495,6871.04,7358.75,241051.798444,1,124,-1,2,1,0,,100000,0,0,0,0,,,,,
1578268800,7357.64,8455,7346.76,8184.98,498017.846898,1,125,-1,2,1,0,,100000,0,0,0,0,,,,,
1578873600,8184.97,9198.98,8055.89,8701.7,468235.627496,1,126,-1,2,1,0,,100000,0,0,0,0,,,,,
1579478400,8701.72,8818,8238,8615,250977.001765,1,127,-1,2,1,0,,100000,0,0,0,0,,,,,
1580083200,8614.39,9578,8535,9331.51,362870.208388,1,128,-1,2,1,0,,100000,0,0,0,0,,,,,
1580688000,9331.59,10166,9093.01,10151.75,364995.864834,1,129,-1,2,1,0,,100000,0,0,0,0,,,,,
1581292800,10151.72,10500,9638.12,9917.27,427067.585189,1,130,-1,2,1,0,,100000,0,0,0,0,,,,,
1581897600,9910.7,10250,9350,9936.4,360700.467719,1,131,-1,2,1,0,,100000,0,0,0,0,,,,,
1582502400,9936.4,9990,8411,8531.88,426585.457331,1,132,-1,2,1,0,,100000,0,0,0,0,,,,,
1583107200,8530.3,9188,8000,8033.31,379197.13168,1,133,-1,2,1,0,,100000,0,0,0,0,,,,,
1583712000,8034.76,8179.31,3782.13,5361.3,1224228.28324,1,134,-1,2,1,0,,100000,0,0,0,0,,,,,
1584316800,5360.33,6900,4442.12,5816.19,1180843.345815,1,135,-1,2,1,0,,100000,0,0,0,0,,,,,
1584921600,5816.05,6957.96,5688,5881.42,770380.80536,1,136,-1,2,1,0,,100000,0,0,0,0,,,,,
1585526400,5880.5,7198,5857.76,6772.78,664784.299583,1,137,-1,2,1,0,,100000,0,0,0,0,,,,,
1586131200,6772.78,7459.69,6739.98,6903.79,582787.437382,1,138,-1,2,1,0,,100000,0,0,0,0,,,,,
1586736000,6903.79,7293.08,6468.27,7120.74,501345.258903,1,139,-1,2,1,0,,100000,0,0,0,0,,,,,
1587340800,7121.4,7738,6751,7693.1,469098.312947,1,140,-1,2,1,0,,100000,0,0,0,0,,,,,
1587945600,7693.1,9460,7606,8894.16,742165.162104,1,141,-1,2,1,0,,100000,0,0,0,0,,,,,
1588550400,8894.15,10067,8117,8722.77,780478.849466,1,142,-1,2,1,0,,100000,0,0,0,0,,,,,
1589155200,8722.77,9939,8200,9680.04,721487.837087,1,143,-1,2,1,0,,100000,0,0,0,0,,,,,
1589760000,9681.11,9950,8700,8720.34,517248.177536,1,144,-1,2,1,0,,100000,0,0,0,0,,,,,
1590364800,8718.14,9740,8642.72,9448.27,425528.246167,1,145,-1,2,1,0,,100000,0,0,0,0,,,,,
1590969600,9448.27,10380,9266,9746.99,427822.495347,1,146,-1,2,1,0,,100000,0,0,0,0,,,,,
1591574400,9746.99,9992.72,9113,9342.1,336172.714299,1,147,-1,2,1,0,,100000,0,0,0,0,,,,,
1592179200,9342.1,9589,8910.45,9294.69,323565.711842,1,148,-1,2,1,0,,100000,0,0,0,0,,,,,
1592784000,9294.69,9780,8833,9116.35,343600.997501,1,149,-1,2,1,0,,100000,0,0,0,0,,,,,
1593388800,9116.16,9292,8893.03,9069.41,247256.195125,1,150,-1,2,1,0,,100000,0,0,0,0,,,,,
1593993600,9069.41,9470,9055.92,9302.75,284964.999673,1,151,-1,2,1,0,,100000,0,0,0,0,,,,,
1594598400,9303.31,9343.82,9047.25,9208.99,247602.692095,1,152,-1,2,1,0,,100000,0,0,0,0,,,,,
1595203200,9208.99,10111,9131,9931.54,346433.535115,1,153,-1,2,1,0,,100000,0,0,0,0,,,,,
1595808000,9931.54,12123.46,9917.21,11071.35,637793.811724,1,154,-1,2,1,0,,100000,0,0,0,0,,,,,
1596412800,11071.36,11909.94,10936,11681.68,403167.45146,1,155,-1,2,1,0,,100000,0,0,0,0,,,,,
1597017600,11681.69,12067.35,11125,11911,468167.72232,1,156,-1,2,1,0,,100000,0,0,0,0,,,,,
1597622400,11910.99,12468,11376.81,11648.13,426710.483502,1,157,-1,2,1,0,,100000,0,0,0,0,,,,,
1598227200,11648.12,11824.9,11117.64,11711.16,355153.169372,1,158,-1,2,1,0,,100000,0,0,0,0,,,,,
1598832000,11711.17,12050.85,9825,10256.2,581777.756525,1,159,-1,2,1,0,,100000,0,0,0,0,,,,,
1599436800,10255.89,10580.11,9850,10332.83,366759.994048,1,160,-1,2,1,0,,100000,0,0,0,0,,,,,
1600041600,10332.84,11179.79,10212.34,10920.28,374339.558814,1,161,-1,2,1,0,,100000,0,0,0,0,,,,,
1600646400,10920.28,10988.86,10136.82,10774.25,331299.291081,1,162,-1,2,1,0,,100000,0,0,0,0,,,,,
1601251200,10774.26,10950,10374,10666.63,288073.126989,1,163,-1,2,1,0,,100000,0,0,0,0,,,,,
1601856000,10666.62,11491,10525,11369.02,288404.145494,1,164,-1,2,1,0,,100000,0,0,0,0,,,,,
1602460800,11369.02,11720.01,11172,11503.14,279657.097047,1,165,-1,2,1,0,,100000,0,0,0,0,,,,,
1603065600,11503.14,13350,11407.96,13028.83,418993.354681,1,166,-1,2,1,0,,100000,0,0,0,0,,,,,
1603670400,13029.64,14100,12765,13761.5,485344.056262,1,167,-1,2,1,0,,100000,0,0,0,0,,,,,
1604275200,13761.49,15960,13195.05,15475.1,665037.146452,1,168,-1,2,1,0,,100000,0,0,0,0,,,,,
1604880000,15475.1,16480,14805.54,15957,529729.426496,1,169,-1,2,1,0,,100000,0,0,0,0,,,,,
1605484800,15957,18965.9,15864,18414.43,684197.642829,1,170,-1,2,1,0,,100000,0,0,0,0,,,,,
1606089600,18413.88,19484.21,16188,18184.99,676351.579974,1,171,-1,2,1,0,,100000,0,0,0,0,,,,,
1606694400,18185,19888,18001.12,19359.4,537012.142931,1,172,-1,2,1,0,,100000,0,0,0,0,,,,,
1607299200,19358.67,19420.91,17572.33,19174.99,414166.997237,1,173,-1,2,1,0,,100000,0,0,0,0,,,,,
1607904000,19174.99,24295,19000,23455.52,650661.7243,1,174,-1,2,1,0,,100000,0,0,0,0,,,,,
1608508800,23455.54,28422,21815,26281.66,688051.451739,1,175,-1,2,1,0,,100000,0,0,0,0,,,,,
1609113600,26281.54,34778.11,25880,33000.05,625132.263203,1,176,-1,2,1,0,,100000,0,0,0,0,,,,,
1609718400,33000.05,41950,28130,38150.02,850700.266152,1,177,-1,2,1,0,,100000,0,0,0,0,,,,,
1610323200,38150.02,40100,30420,35828.61,895315.076106,1,178,-1,2,1,0,,100000,0,0,0,0,,,,,
1610928000,35824.99,37850,28850,32259.9,640226.935785,1,179,-1,2,1,0,,100000,0,0,0,0,,,,,
1611532800,32259.45,38531.9,29241.72,33092.98,747463.508509,1,180,-1,2,1,0,,100000,0,0,0,0,,,,,
1612137600,33092.97,40955.51,32296.16,38795.69,583439.051648,1,181,-1,2,1,0,,100000,0,0,0,0,,,,,
1612742400,38795.69,49707.43,37988.89,48577.79,664178.422718,1,182,-1,2,1,0,,100000,0,0,0,0,,,,,
1613347200,48580.47,58352.8,45570.79,57408.57,533487.799699,1,183,-1,2,1,0,,100000,0,0,0,0,,,,,
1613952000,57412.35,57508.47,43000,45135.66,737125.746365,1,184,-1,2,1,0,,100000,0,0,0,0,,,,,
1614556800,45134.11,52640,44950.53,50971.75,490819.562968,1,185,-1,2,1,0,,100000,0,0,0,0,,,,,
1615161600,50959.11,61844,49274.67,58968.31,514559.698685,1,186,-1,2,1,0,,100000,0,0,0,0,,,,,
1615766400,58976.08,60633.43,53271.34,57351.56,463194.21418,1,187,-1,2,1,0,,100000,0,0,0,0,,,,,
1616371200,57351.56,58430.73,50427.56,55777.63,446278.628413,1,188,-1,2,1,0,,100000,0,0,0,0,,,,,
1616976000,55777.65,60200,54800.01,58202.01,367453.020712,1,189,-1,2,1,0,,100000,0,0,0,0,,,,,
1617580800,58202.01,61500,55473,60002.43,375865.593614,1,190,-1,2,1,0,,100000,0,0,0,0,,,,,
1618185600,59998.8,64854,50931.3,56150.01,549048.298032,1,191,-1,2,1,0,,100000,0,0,0,0,,,,,
1618790400,56150.01,57526.81,46930,49066.77,562214.25237,1,192,-1,2,1,0,,100000,0,0,0,0,,,,,
1619395200,49066.76,58458.07,48753.44,56578.21,395983.456013,1,193,-1,2,1,0,,100000,0,0,0,0,,,,,
1620000000,56578.21,59500,52900,58240.84,504478.926303,1,194,-1,2,1,0,,100000,0,0,0,0,,,,,
1620604800,58240.83,59500,43825.39,46431.5,684880.148197,1,195,-1,2,1,0,,100000,0,0,0,0,,,,,
1621209600,46426.83,46686,30000,34655.25,1386781.052144,1,196,-1,2,1,0,,100000,0,0,0,0,,,,,
1621814400,34681.44,40841,33379,35641.27,786531.163941,1,197,-1,2,1,0,,100000,0,0,0,0,,,,,
1622419200,35641.26,39476,34153.84,35796.31,528299.504937,1,198,-1,2,1,0,,100000,0,0,0,0,,,,,
1623024000,35796.31,39380,31000,39020.57,700065.604915,1,199,-1,2,1,0,,100000,0,0,0,0,,,,,
1623628800,39020.56,41330,33336,35600.16,610333.962089,1,200,-1,2,1,0,,100000,0,0,0,0,,,,,
1624233600,35600.17,35750,28805,34700.34,907073.707598,1,201,-1,2,1,0,,100000,0,0,0,0,,,,,
1624838400,34702.49,36600,32699,35286.51,464791.763593,1,202,-1,2,1,0,,100000,0,0,0,0,,,,,
1625443200,35288.13,35293.78,32077,34258.99,359766.235404,1,203,-1,2,1,0,,100000,0,0,0,0,,,,,
1626048000,34259,34678.43,31020,31778.56,306160.987079,1,204,-1,2,1,0,,100000,0,0,0,0,,,,,
1626652800,31778.57,35398,29278,35381.02,383262.217154,1,205,-1,2,1,0,,100000,0,0,0,0,,,,,
1627257600,35381.02,42599,35205.78,39845.44,568598.509606,1,206,-1,2,1,0,,100000,0,0,0,0,,,,,
1627862400,39850.27,45310,37332.7,43794.37,463107.670711,1,207,-1,2,1,0,,100000,0,0,0,0,,,,,
1628467200,43794.36,48144,42779,46973.82,372867.979811,1,208,-1,2,1,0,,100000,0,0,0,0,,,,,
1629072000,46973.82,49757.04,43927.7,49239.22,357634.462155,1,209,-1,2,1,0,,100000,0,0,0,0,,,,,
1629676800,49239.22,50500,46250,48767.83,298905.697042,1,210,-1,2,1,0,,100000,0,0,0,0,,,,,
1630281600,48767.84,51900,46512,51756.88,327484.443638,1,211,-1,2,1,0,,100000,0,0,0,0,,,,,
1630886400,51756.88,52920,42843.05,46025.24,399602.39982,1,212,-1,2,1,0,,100000,0,0,0,0,,,,,
1631491200,46025.23,48843.2,43370,47241.75,289430.44387,1,213,-1,2,1,0,,100000,0,0,0,0,,,,,
1632096000,47241.75,47347.25,39600,43160.9,437174.23273,1,214,-1,2,1,0,,100000,0,0,0,0,,,,,
1632700800,43160.9,49228.08,40753.88,48200.01,290620.78115,1,215,-1,2,1,0,,100000,0,0,0,0,,,,,
1633305600,48200.01,56561.31,46891,54659,424292.258599,1,216,-1,2,1,0,,100000,0,0,0,0,,,,,
1633910400,54659.01,62933,53879,61528.33,362346.263174,1,217,-1,2,1,0,,100000,0,0,0,0,,,,,
1634515200,61528.32,67000,59510.63,60852.22,336357.38139,1,218,-1,2,1,0,,100000,0,0,0,0,,,,,
1635120000,60852.22,63710.63,57820,61299.8,314971.8498,1,219,-1,2,1,0,,100000,0,0,0,0,,,,,
1635724800,61299.81,64270,59405,63273.59,253033.72432,1,220,-1,2,1,0,,100000,0,0,0,0,,,,,
1636329600,63273.58,69000,62278,65519.1,294213.107838,1,221,-1,2,1,0,,100000,0,0,0,0,,,,,
1636934400,65519.11,66401.82,55600,58622.02,340150.61676,1,222,-1,2,1,0,,100000,0,0,0,0,,,,,
1637539200,58617.7,59444,53256.64,57274.88,315216.31943,1,223,-1,2,1,0,,100000,0,0,0,0,,,,,
1638144000,57274.89,59176.99,42000.3,49396.33,390528.912488,1,224,-1,2,1,0,,100000,0,0,0,0,,,,,
1638748800,49396.32,51936.33,46751,50053.9,272083.99753,1,225,-1,2,1,0,,100000,0,0,0,0,,,,,
1639353600,50053.9,50189.97,45456,46681.23,271834.80183,1,226,-1,2,1,0,,100000,0,0,0,0,,,,,
1639958400,46681.24,51810,45558.85,50775.49,209149.39534,1,227,-1,2,1,0,,100000,0,0,0,0,,,,,
1640563200,50775.48,52088,45678,47286.18,217365.48034,1,228,-1,2,1,0,,100000,0,0,0,0,,,,,
1641168000,47286.18,47570,40501,41864.62,264331.61587,1,229,-1,2,1,0,,100000,0,0,0,0,,,,,
1641772800,41864.62,44500,39650,43071.66,232059.06969,1,230,-1,2,1,0,,100000,0,0,0,0,,,,,
1642377600,43071.66,43505,34008,36244.55,354513.98432,1,231,-1,2,1,0,,100000,0,0,0,0,,,,,
1642982400,36244.55,38919.98,32917.17,37881.76,353702.626391,1,232,-1,2,1,0,,100000,0,0,0,0,,,,,
1643587200,37881.75,42656,36250,42380.87,258945.75108,1,233,-1,2,1,0,,100000,0,0,0,0,,,,,
1644192000,42380.87,45821,41645.85,42053.66,301990.47877,1,234,-1,2,1,0,,100000,0,0,0,0,,,,,
1644796800,42053.65,44751.4,38000,38386.89,243150.46162,1,235,-1,2,1,0,,100000,0,0,0,0,,,,,
1645401600,38386.89,40348.45,34322.28,37699.07,412333.60531,1,236,-1,2,1,0,,100000,0,0,0,0,,,,,
1646006400,37699.08,45400,37450.17,38420.81,376417.0783,1,237,-1,2,1,0,,100000,0,0,0,0,,,,,
1646611200,38420.8,42594.06,37155,37777.34,374702.60508,1,238,-1,2,1,0,,100000,0,0,0,0,,,,,
1647216000,37777.35,42400,37555,41262.11,323387.24539,1,239,-1,2,1,0,,100000,0,0,0,0,,,,,
1647820800,41262.11,46999,40467.94,46827.76,315436.15044,1,240,-1,2,1,0,,100000,0,0,0,0,,,,,
1648425600,46827.76,48189.84,44200,46407.35,312053.15964,1,241,-1,2,1,0,,100000,0,0,0,0,,,,,
1649030400,46407.36,47200,41868,42158.85,268118.29111,1,242,-1,2,1,0,,100000,0,0,0,0,,,,,
1649635200,42158.85,42414.71,39200,39678.12,259278.92957,1,243,-1,2,1,0,,100000,0,0,0,0,,,,,
1650240000,39678.11,42976,38536.51,39450.13,283885.03637,1,244,-1,2,1,0,,100000,0,0,0,0,,,,,
1650844800,39450.12,40797.31,37386.38,38468.35,368444.26814,1,245,-1,2,1,0,,100000,0,0,0,0,,,,,
1651449600,38468.35,40023.77,33713.95,34038.4,419979.5829,1,246,-1,2,1,0,,100000,0,0,0,0,,,,,
1652054400,34038.39,34243.15,26700,31328.89,964223.849274,1,247,-1,2,1,0,,100000,0,0,0,0,,,,,
1652659200,31328.89,31328.9,28654.47,30293.94,375096.22376,1,248,-1,2,1,0,,100000,0,0,0,0,,,,,
1653264000,30293.93,30670.51,28019.56,29468.1,430508.71991,1,249,-1,2,1,0,,100000,0,0,0,0,,,,,
1653868800,29468.1,32399,29282.36,29919.21,422401.40352,1,250,-1,2,1,0,,100000,0,0,0,0,,,,,
1654473600,29919.2,31765.64,26560,26574.53,528925.487959,1,251,-1,2,1,0,,100000,0,0,0,0,,,,,
1655078400,26574.53,26895.84,17622,20574,1153717.637537,1,252,-1,2,1,0,,100000,0,0,0,0,,,,,
1655683200,20574,21888,19637.03,21038.07,570801.23178,1,253,-1,2,1,0,,100000,0,0,0,0,,,,,
1656288000,21038.08,21539.85,18626,19315.83,508544.1397,1,254,-1,2,1,0,,100000,0,0,0,0,,,,,
1656892800,19315.83,22527.37,19055.31,20862.47,1111996.98071,1,255,-1,2,1,0,,100000,0,0,0,0,,,,,
1657497600,20861.11,21684.54,18910.94,20798.16,1043685.76303,1,256,-1,2,1,0,,100000,0,0,0,0,,,,,
1658102400,20799.58,24276.74,20762.45,22579.68,1336219.23609,1,257,-1,2,1,0,,100000,0,0,0,0,,,,,
1658707200,22577.13,24668,20706.5,23293.32,1282264.24492,1,258,-1,2,1,0,,100000,0,0,0,0,,,,,
1659312000,23296.36,23647.68,22400,23174.39,951140.43388,1,259,-1,2,1,0,,100000,0,0,0,0,,,,,
1659916800,23174.39,25047.56,22664.69,24305.24,1251083.26468,1,260,-1,2,1,0,,100000,0,0,0,0,,,,,
1660521600,24305.25,25211.32,20761.9,21515.61,1402957.39876,1,261,-1,2,1,0,,100000,0,0,0,0,,,,,
1661126400,21516.7,21900,19520,19555.61,1343190.86,1,262,-1,2,1,0,,100000,0,0,0,0,,,,,
1661731200,19555.61,20576.25,19540,20000.3,1527594.81842,1,263,-1,2,1,0,,100000,0,0,0,0,,,,,
1662336000,20000.3,21860,18510.77,21826.87,2146685.76233,1,264,-1,2,1,0,,100000,0,0,0,0,,,,,
1662940800,21826.87,22799,19320.01,19416.18,2218565.59694,1,265,-1,2,1,0,,100000,0,0,0,0,,,,,
1663545600,19417.45,19956,18125.98,18807.38,2285541.48793,1,266,-1,2,1,0,,100000,0,0,0,0,,,,,
1664150400,18809.13,20385.86,18471.28,19056.8,2777070.91238,1,267,-1,2,1,0,,100000,0,0,0,0,,,,,
1664755200,19057.74,20475,18959.68,19439.02,1690215.44019,1,268,-1,2,1,0,,100000,0,0,0,0,,,,,
1665360000,19439.96,19951.87,18190,19262.98,1666942.47921,1,269,-1,2,1,0,,100000,0,0,0,0,,,,,
1665964800,19262.98,19706.66,18650,19570.4,1439566.24878,1,270,-1,2,1,0,,100000,0,0,0,0,,,,,
1666569600,19570.4,21085,19157,20627.48,2026392.42105,1,271,-1,2,1,0,,100000,0,0,0,0,,,,,
1667174400,20627.48,21480.65,20031.24,20905.58,2205754.83045,1,272,-1,2,1,0,,100000,0,0,0,0,,,,,
1667779200,20905.58,21069.77,15588,16329.85,3234391.873932,1,273,-1,2,1,0,,100000,0,0,0,0,,,,,
1668384000,16331.78,17190,15815.21,16280.23,1626234.48043,1,274,-1,2,1,0,,100000,0,0,0,0,,,,,
1668988800,16279.5,16812.63,15476,16428.78,1561058.479583,1,275,-1,2,1,0,,100000,0,0,0,0,,,,,
1669593600,16428.77,17324,15995.27,17105.7,1572173.55626,1,276,-1,2,1,0,,100000,0,0,0,0,,,,,
1670198400,17106.65,17424.25,16678.83,17085.05,1443791.97519,1,277,-1,2,1,0,,100000,0,0,0,0,,,,,
1670803200,17085.05,18387.95,16527.32,16738.21,1511897.62621,1,278,-1,2,1,0,,100000,0,0,0,0,,,,,
1671408000,16739,17061.27,16256.3,16832.11,1148035.81471,1,279,-1,2,1,0,,100000,0,0,0,0,,,,,
1672012800,16832.11,16972.83,16333,16616.75,1028681.78419,1,280,-1,2,1,0,,100000,0,0,0,0,,,,,
1672617600,16617.17,17176.99,16548.7,17127.83,1112349.61417,1,281,-1,2,1,0,,100000,0,0,0,0,,,,,
1673222400,17127.83,21258,17104.66,20871.5,2145455.73458,1,282,-1,2,1,0,,100000,0,0,0,0,,,,,
1673827200,20872.99,23371.8,20407.15,22707.88,2108890.06922,1,283,-1,2,1,0,,100000,0,0,0,0,,,,,
1674432000,22706.02,23960.54,22300,23742.3,1946352.78949,1,284,-1,2,1,0,,100000,0,0,0,0,,,,,
1675036800,23743.37,24255,22500,22932.91,1949971.72168,1,285,-1,2,1,0,,100000,0,0,0,0,,,,,
1675641600,22932.91,23452,21451,21783.54,1976378.51282,1,286,-1,2,1,0,,100000,0,0,0,0,,,,,
1676246400,21782.37,25250,21351.07,24271.76,2497565.46072,1,287,-1,2,1,0,,100000,0,0,0,0,,,,,
1676851200,24272.51,25250,22722,23554.85,2237983.72753,1,288,-1,2,1,0,,100000,0,0,0,0,,,,,
1677456000,23554.85,24000,21971.13,22430.24,1698503.29143,1,289,-1,2,1,0,,100000,0,0,0,0,,,,,
1678060800,22430.24,22602.19,19549.09,21997.11,2718623.72856,1,290,-1,2,1,0,,100000,0,0,0,0,,,,,
1678665600,21998.05,28390.1,21813.88,27972.87,3775888.94983,1,291,-1,2,1,0,,100000,0,0,0,0,,,,,
1679270400,27972.87,28868.05,26601.8,27968.05,1437828.84706,1,292,-1,2,1,0,,100000,0,0,0,0,,,,,
1679875200,27968.05,29184.68,26508.14,28171.87,500795.73087,1,293,-1,2,1,0,,100000,0,0,0,0,,,,,
1680480000,28171.87,28775,27200.24,28323.76,306532.39014,1,294,-1,2,1,0,,100000,0,0,0,0,,,,,
1681084800,28323.76,31000,28170,30304.65,377573.74044,1,295,-1,2,1,0,,100000,0,0,0,0,,,,,
1681689600,30304.66,30485,27125,27590.6,430421.84646,1,296,-1,2,1,0,,100000,0,0,0,0,,,,,
1682294400,27590.59,30036,26942.82,29233.21,444613.47701,1,297,-1,2,1,0,,100000,0,0,0,0,,,,,
1682899200,29233.2,29820,27666.95,28430.1,360117.97447,1,298,-1,2,1,0,,100000,0,0,0,0,,,,,
1683504000,28430.09,28631.01,25811.46,26917.62,338765.74243,1,299,-1,2,1,0,,100000,0,0,0,0,,,,,
1684108800,26917.61,27663.59,26361.2,26747.78,230394.72253,1,300,-1,2,1,0,,100000,0,0,0,0,,,,,
1684713600,26747.78,28261.32,25871.89,28065,251061.07389,1,301,-1,2,1,0,,100000,0,0,0,0,,,,,
1685318400,28065.01,28447.14,26505,27115.21,233113.44204,1,302,-1,2,1,0,,100000,0,0,0,0,,,,,
1685923200,27115.2,27391.77,25351.02,25925.55,347786.76863,1,303,-1,2,1,0,,100000,0,0,0,0,,,,,
1686528000,25925.54,26839.99,24800,26339.97,265685.74051,1,304,-1,2,1,0,,100000,0,0,0,0,,,,,
1687132800,26339.98,31431.94,26256.61,30462.66,408189.22942,1,305,-1,2,1,0,,100000,0,0,0,0,,,,,
1687737600,30462.67,31282,29500,30617.03,294881.44198,1,306,-1,2,1,0,,100000,0,0,0,0,,,,,
1688342400,30617.02,31500,29701.02,30160.71,244056.69119,1,307,-1,2,1,0,,100000,0,0,0,0,,,,,
1688947200,30160.71,31804.2,29900,30231.99,269249.39031,1,308,-1,2,1,0,,100000,0,0,0,0,,,,,
1689552000,30232,30417.46,29512,30083.75,180919.27148,1,309,-1,2,1,0,,100000,0,0,0,0,,,,,
1690156800,30083.75,30099.58,28861.9,29281.09,168154.81375,1,310,-1,2,1,0,,100000,0,0,0,0,,,,,
1690761600,29281.09,30047.5,28585.7,29088.42,190359.38216,1,311,-1,2,1,0,,100000,0,0,0,0,,,,,
1691366400,29088.43,30244,28701.03,29303.84,178844.98681,1,312,-1,2,1,0,,100000,0,0,0,0,,,,,
1691971200,29303.85,29695.32,25166,26189.99,307223.55373,1,313,-1,2,1,0,,100000,0,0,0,0,,,,,
1692576000,26190,26819.27,25300,26101.77,188618.43325,1,314,-1,2,1,0,,100000,0,0,0,0,,,,,
1693180800,26101.78,28142.85,25333.75,25971.21,258183.08813,1,315,-1,2,1,0,,100000,0,0,0,0,,,,,
1693785600,25971.21,26445.5,25372.51,25841.61,156769.66561,1,316,-1,2,1,0,,100000,0,0,0,0,,,,,
1694390400,25841.6,26888,24901,26527.51,221247.03537,1,317,-1,2,1,0,,100000,0,0,0,0,,,,,
1694995200,26527.5,27483.57,26122.08,26248.38,191220.58923,1,318,-1,2,1,0,,100000,0,0,0,0,,,,,
1695600000,26248.39,28065.51,25990.46,27992.57,189937.16919,1,319,-1,2,1,0,,100000,0,0,0,0,,,,,
1696204800,27992.58,28580,27160.5,27917.05,217523.39638,1,320,-1,2,1,0,,100000,0,0,0,0,,,,,
1696809600,27917.06,27987.93,26538.66,27154.15,164897.39085,1,321,-1,2,1,0,,100000,0,0,0,0,,,,,
1697414400,27154.14,30379.99,27112.66,29992.46,294677.81127,1,322,-1,2,1,0,,100000,0,0,0,0,,,,,
1698019200,29992.46,35280,29883.6,34525.89,373306.40874,1,323,-1,2,1,0,,100000,0,0,0,0,,,,,
1698624000,34525.88,35984.99,34025,35011.88,249862.2126,1,324,-1,2,1,0,,100000,0,0,0,0,,,,,
1699228800,35011.89,37972.24,34523.06,37064.13,261060.64807,1,325,-1,2,1,0,,100000,0,0,0,0,,,,,
1699833600,37064.13,37980,34800,37359.86,255993.59565,1,326,-1,2,1,0,,100000,0,0,0,0,,,,,
1700438400,37359.85,38414,35632.01,37447.43,229889.97507,1,327,-1,2,1,0,,100000,0,0,0,0,,,,,
1701043200,37447.42,40250,36707,39972.26,222103.26117,1,328,-1,2,1,0,,100000,0,0,0,0,,,,,
1701648000,39972.26,44700,39972.26,43789.51,332080.41362,1,329,-1,2,1,0,,100000,0,0,0,0,,,,,
1702252800,43789.5,43804.5,40222,41374.65,292562.41578,1,330,-1,2,1,0,,100000,0,0,0,0,,,,,
1702857600,41374.64,44398.26,40542.93,42991.5,245481.20612,1,331,-1,2,1,0,,100000,0,0,0,0,,,,,
1703462400,42991.5,43802.32,41300,42283.58,228462.70228,1,332,-1,2,1,0,,100000,0,0,0,0,,,,,
1704067200,42283.58,45879.63,40750,43929.02,310487.48622,1,333,0,2,1,0,,100000,0,0,0,0,,,,,
1704672000,43929.01,48969.48,41500,41732.35,470798.80434,1,334,1,2,1,2,43929.01,95606.68,-4393.320000000007,0,0,1,,,,,
1705276800,41732.35,43578.01,40280,41580.33,238486.27274,1,335,2,2,1,2,43929.01,95302.64,-4697.360000000001,0,0,1,,,,,
1705881600,41580.32,42842.68,38555,42031.06,274603.16207,1,336,3,2,1,-1,41580.32,94851.88,-450.73999999999796,-4697.380000000005,2,1,-2348.6900000000023,43929.01,41580.32,334,336
1706486400,42031.05,43882.36,41804.88,42582.88,203036.61925,1,337,4,2,1,-1,41580.32,94300.06,-1002.5599999999977,-4697.380000000005,2,1,-2348.6900000000023,43929.01,41580.32,334,336
1707091200,42582.88,48592.66,42258.1,48299.99,262240.48357,1,338,5,2,1,-1,41580.32,88582.95,-6719.669999999998,-4697.380000000005,2,1,-2348.6900000000023,43929.01,41580.32,334,336
1707696000,48300,52816.62,47710.01,52137.67,310862.3017,1,339,6,2,1,-1,41580.32,84745.26999999999,-10557.349999999999,-4697.380000000005,2,1,-2348.6900000000023,43929.01,41580.32,334,336
1708300800,52137.68,52985,50521,51728.85,223366.16186,1,340,7,2,1,-1,41580.32,85154.09,-10148.529999999999,-4697.380000000005,2,1,-2348.6900000000023,43929.01,41580.32,334,336
1708905600,51728.85,64000,50901.44,63113.97,417907.83383,1,341,8,2,1,-1,41580.32,73768.97,-21533.65,-4697.380000000005,2,1,-2348.6900000000023,43929.01,41580.32,334,336
1709510400,63113.97,69990,59005,68955.88,481870.181782,1,342,9,2,1,-1,41580.32,67927.06,-27375.560000000005,-4697.380000000005,2,1,-2348.6900000000023,43929.01,41580.32,334,336
1710115200,68955.88,73777,64533,68393.48,477496.91752,1,343,10,2,1,-1,41580.32,68489.45999999999,-26813.159999999996,-4697.380000000005,2,1,-2348.6900000000023,43929.01,41580.32,334,336
1710720000,68393.47,68956,60775,67209.99,409762.74414,1,344,11,2,1,-1,41580.32,69672.94999999998,-25629.670000000006,-4697.380000000005,2,1,-2348.6900000000023,43929.01,41580.32,334,336
1711324800,67210,71769.54,66385.06,71280.01,235409.95755,1,345,12,2,1,-1,41580.32,65602.93,-29699.689999999995,-4697.380000000005,2,1,-2348.6900000000023,43929.01,41580.32,334,336
1711929600,71280,71288.23,64493.07,69360.39,274227.11488,1,346,13,2,1,-1,41580.32,67522.54999999999,-27780.07,-4697.380000000005,2,1,-2348.6900000000023,43929.01,41580.32,334,336
1712534400,69360.38,72797.99,60660.57,65661.84,348008.31904,1,347,14,2,1,-1,41580.32,71221.1,-24081.519999999997,-4697.380000000005,2,1,-2348.6900000000023,43929.01,41580.32,334,336
1713139200,65661.85,66867.07,59600.01,64941.15,312265.13225,1,348,15,2,1,-1,41580.32,71941.79,-23360.83,-4697.380000000005,2,1,-2348.6900000000023,43929.01,41580.32,334,336
1713744000,64941.15,67232.35,62391.24,63118.62,183902.50753,1,349,16,2,1,-1,41580.32,73764.31999999999,-21538.300000000003,-4697.380000000005,2,1,-2348.6900000000023,43929.01,41580.32,334,336
1714348800,63118.62,64734,56552.82,64012,298372.0172,1,350,17,2,1,-1,41580.32,72870.94,-22431.68,-4697.380000000005,2,1,-2348.6900000000023,43929.01,41580.32,334,336
1714953600,64012,65500,60187.12,61483.99,179712.75232,1,351,18,2,1,-1,41580.32,75398.95,-19903.67,-4697.380000000005,2,1,-2348.6900000000023,43929.01,41580.32,334,336
1715558400,61484,67700,60749.21,66274.01,195247.04901,1,352,19,2,1,-1,41580.32,70608.93,-24693.689999999995,-4697.380000000005,2,1,-2348.6900000000023,43929.01,41580.32,334,336
1716163200,66274,71979,66060.31,68507.67,220708.83749,1,353,20,2,1,-1,41580.32,68375.26999999999,-26927.35,-4697.380000000005,2,1,-2348.6900000000023,43929.01,41580.32,334,336
1716768000,68507.67,70687.56,66670,67765.63,158352.25614,1,354,21,2,1,-1,41580.32,69117.31,-26185.310000000005,-4697.380000000005,2,1,-2348.6900000000023,43929.01,41580.32,334,336
1717372800,67765.62,71997.02,67612.48,69648.14,165061.19141,1,355,22,2,1,-1,41580.32,67234.79999999999,-28067.82,-4697.380000000005,2,1,-2348.6900000000023,43929.01,41580.32,334,336
1717977600,69648.15,70195.94,65078,66676.87,174066.07718,1,356,23,2,1,-1,41580.32,70206.07,-25096.549999999996,-4697.380000000005,2,1,-2348.6900000000023,43929.01,41580.32,334,336
1718582400,66676.86,67298.81,63178.32,63210.01,155589.33133,1,357,24,2,1,-1,41580.32,73672.93,-21629.690000000002,-4697.380000000005,2,1,-2348.6900000000023,43929.01,41580.32,334,336
1719187200,63210.01,63369.8,58402,62772.01,177837.60164,1,358,25,2,1,-1,41580.32,74110.93,-21191.690000000002,-4697.380000000005,2,1,-2348.6900000000023,43929.01,41580.32,334,336
1719792000,62772.01,63861.76,53485.93,55857.81,251967.61048,1,359,26,2,1,-1,41580.32,81025.13,-14277.489999999998,-4697.380000000005,2,1,-2348.6900000000023,43929.01,41580.32,334,336
1720396800,55857.81,61420.69,54260.16,60797.91,190723.74928,1,360,27,2,1,-1,41580.32,76085.03,-19217.590000000004,-4697.380000000005,2,1,-2348.6900000000023,43929.01,41580.32,334,336
1721001600,60797.91,68366.66,60632.3,68165.34,205198.52303,1,361,28,2,1,-1,41580.32,68717.6,-26585.019999999997,-4697.380000000005,2,1,-2348.6900000000023,43929.01,41580.32,334,336
1721606400,68165.35,69399.99,63456.7,68249.88,177889.46168,1,362,29,2,1,-1,41580.32,68633.06,-26669.560000000005,-4697.380000000005,2,1,-2348.6900000000023,43929.01,41580.32,334,336
1722211200,68249.88,70079.99,57122.77,58161,216238.9234,1,363,30,2,1,-1,41580.32,78721.94,-16580.68,-4697.380000000005,2,1,-2348.6900000000023,43929.01,41580.32,334,336
1722816000,58161,62745.14,49000,58712.59,370726.80645,1,364,31,2,1,-1,41580.32,78170.34999999999,-17132.270000000004,-4697.380000000005,2,1,-2348.6900000000023,43929.01,41580.32,334,336
1723420800,58712.59,61800,56078.54,58427.35,179945.24534,1,365,32,2,1,-1,41580.32,78455.59,-16847.03,-4697.380000000005,2,1,-2348.6900000000023,43929.01,41580.32,334,336
1724025600,58427.35,65000,57787.3,64220,169792.31289,1,366,33,2,1,-1,41580.32,72662.94,-22639.68,-4697.380000000005,2,1,-2348.6900000000023,43929.01,41580.32,334,336
1724630400,64219.99,64481,57201,57301.86,176518.33308,1,367,34,2,1,-1,41580.32,79581.07999999999,-15721.54,-4697.380000000005,2,1,-2348.6900000000023,43929.01,41580.32,334,336
1725235200,57301.77,59809.65,52550,54869.95,196506.89846,1,368,35,2,1,-1,41580.32,82012.98999999999,-13289.630000000005,-4697.380000000005,2,1,-2348.6900000000023,43929.01,41580.32,334,336
1725840000,54869.95,60625,54591.96,59132,175833.33846,1,369,36,2,1,-1,41580.32,77750.94,-17551.68,-4697.380000000005,2,1,-2348.6900000000023,43929.01,41580.32,334,336
1726444800,59132,64133.32,57493.3,63578.76,178097.29669,1,370,37,2,1,-1,41580.32,73304.18,-21998.440000000002,-4697.380000000005,2,1,-2348.6900000000023,43929.01,41580.32,334,336
1727049600,63578.76,66498,62538.75,65602.01,132963.29721,1,371,38,2,1,-1,41580.32,71280.93,-24021.689999999995,-4697.380000000005,2,1,-2348.6900000000023,43929.01,41580.32,334,336
1727654400,65602.01,65618.8,59828.11,62819.91,169447.68762,1,372,39,2,1,-1,41580.32,74063.03,-21239.590000000004,-4697.380000000005,2,1,-2348.6900000000023,43929.01,41580.32,334,336
1728259200,62819.91,64478.19,58946,62870.02,136109.36376,1,373,40,2,1,-1,41580.32,74012.91999999998,-21289.700000000004,-4697.380000000005,2,1,-2348.6900000000023,43929.01,41580.32,334,336
1728864000,62870.02,69400,62457.81,69031.99,185982.16665,1,374,41,2,1,-1,41580.32,67850.94999999998,-27451.670000000006,-4697.380000000005,2,1,-2348.6900000000023,43929.01,41580.32,334,336
1729468800,69032,69519.52,65260,68021.7,159069.27886,1,375,42,2,1,-1,41580.32,68861.23999999999,-26441.379999999997,-4697.380000000005,2,1,-2348.6900000000023,43929.01,41580.32,334,336
1730073600,68021.69,73620.12,67478.73,68775.99,209232.69647,1,376,43,2,1,-1,41580.32,68106.94999999998,-27195.670000000006,-4697.380000000005,2,1,-2348.6900000000023,43929.01,41580.32,334,336
1730678400,68775.99,81500,66835,80370.01,327445.15705,1,377,44,2,1,-1,41580.32,56512.93,-38789.689999999995,-4697.380000000005,2,1,-2348.6900000000023,43929.01,41580.32,334,336
1731283200,80370.01,93265.64,80216.01,89855.99,417630.302334,1,378,45,2,1,-1,41580.32,47026.94999999999,-48275.670000000006,-4697.380000000005,2,1,-2348.6900000000023,43929.01,41580.32,334,336
1731888000,89855.98,99588.01,89376.9,97900.04,303784.771782,1,379,46,2,1,-1,41580.32,38982.89999999999,-56319.72000000001,-4697.380000000005,2,1,-2348.6900000000023,43929.01,41580.32,334,336
1732492800,97900.05,98871.8,90791.1,97185.18,237818.37314,1,380,47,2,1,-1,41580.32,39697.75999999999,-55604.86000000001,-4697.380000000005,2,1,-2348.6900000000023,43929.01,41580.32,334,336
1733097600,97185.17,104088,90500,101109.59,302152.735462,1,381,48,2,1,-1,41580.32,35773.35,-59529.27,-4697.380000000005,2,1,-2348.6900000000023,43929.01,41580.32,334,336
1733702400,101109.6,105250,94150.05,104463.99,230968.339905,1,382,49,2,1,-1,41580.32,32418.94999999999,-62883.670000000006,-4697.380000000005,2,1,-2348.6900000000023,43929.01,41580.32,334,336
1734307200,104463.99,108353,92232.54,95186.27,281544.242246,1,383,50,2,1,-1,41580.32,41696.66999999999,-53605.950000000004,-4697.380000000005,2,1,-2348.6900000000023,43929.01,41580.32,334,336
1734912000,95186.28,99963.7,92520,93738.2,140614.68725,1,384,51,2,1,-1,41580.32,43144.74,-52157.88,-4697.380000000005,2,1,-2348.6900000000023,43929.01,41580.32,334,336
1735516800,93738.19,98976.91,91530.45,98363.61,111914.7951,,,,,,,,,,,,,,,,,